[{"model": "admin.logentry", "pk": 1, "fields": {"action_time": "2025-03-17T13:17:16.482Z", "user": 1, "content_type": 8, "object_id": "1", "object_repr": "Margarita", "action_flag": 1, "change_message": "[{\"added\": {}}]"}}, {"model": "admin.logentry", "pk": 2, "fields": {"action_time": "2025-03-17T13:29:42.970Z", "user": 1, "content_type": 11, "object_id": "1", "object_repr": "Vegetarian", "action_flag": 1, "change_message": "[{\"added\": {}}]"}}, {"model": "admin.logentry", "pk": 3, "fields": {"action_time": "2025-03-20T13:01:39.710Z", "user": 1, "content_type": 8, "object_id": "2", "object_repr": "Pepperoni", "action_flag": 1, "change_message": "[{\"added\": {}}]"}}, {"model": "admin.logentry", "pk": 4, "fields": {"action_time": "2025-03-20T13:46:05.838Z", "user": 1, "content_type": 8, "object_id": "2", "object_repr": "Pepperoni", "action_flag": 2, "change_message": "[{\"changed\": {\"fields\": [\"Image\"]}}]"}}, {"model": "admin.logentry", "pk": 5, "fields": {"action_time": "2025-03-24T13:47:13.843Z", "user": 1, "content_type": 4, "object_id": "2", "object_repr": "Customer_1", "action_flag": 1, "change_message": "[{\"added\": {}}]"}}, {"model": "admin.logentry", "pk": 6, "fields": {"action_time": "2025-03-24T13:48:13.638Z", "user": 1, "content_type": 4, "object_id": "2", "object_repr": "Customer_1", "action_flag": 2, "change_message": "[{\"changed\": {\"fields\": [\"First name\"]}}]"}}, {"model": "admin.logentry", "pk": 7, "fields": {"action_time": "2025-03-24T13:48:44.343Z", "user": 1, "content_type": 4, "object_id": "3", "object_repr": "Employee_1", "action_flag": 1, "change_message": "[{\"added\": {}}]"}}, {"model": "admin.logentry", "pk": 8, "fields": {"action_time": "2025-03-24T13:49:25.678Z", "user": 1, "content_type": 4, "object_id": "3", "object_repr": "Employee_1", "action_flag": 2, "change_message": "[{\"changed\": {\"fields\": [\"First name\", \"Staff status\", \"Superuser status\", \"User permissions\"]}}]"}}, {"model": "admin.logentry", "pk": 9, "fields": {"action_time": "2025-03-25T08:39:43.187Z", "user": 1, "content_type": 9, "object_id": "9", "object_repr": "Order by Ari - $600.00", "action_flag": 3, "change_message": ""}}, {"model": "admin.logentry", "pk": 10, "fields": {"action_time": "2025-03-25T08:39:43.187Z", "user": 1, "content_type": 9, "object_id": "8", "object_repr": "Order by Ari - $600.00", "action_flag": 3, "change_message": ""}}, {"model": "admin.logentry", "pk": 11, "fields": {"action_time": "2025-03-25T08:39:43.187Z", "user": 1, "content_type": 9, "object_id": "7", "object_repr": "Order by Ari - $0.00", "action_flag": 3, "change_message": ""}}, {"model": "admin.logentry", "pk": 12, "fields": {"action_time": "2025-03-25T08:39:43.187Z", "user": 1, "content_type": 9, "object_id": "6", "object_repr": "Order by Ari - $0.00", "action_flag": 3, "change_message": ""}}, {"model": "admin.logentry", "pk": 13, "fields": {"action_time": "2025-03-25T08:39:43.187Z", "user": 1, "content_type": 9, "object_id": "5", "object_repr": "Order by Ari - $0.00", "action_flag": 3, "change_message": ""}}, {"model": "admin.logentry", "pk": 14, "fields": {"action_time": "2025-03-25T08:39:43.187Z", "user": 1, "content_type": 9, "object_id": "4", "object_repr": "Order by Ari - $0.00", "action_flag": 3, "change_message": ""}}, {"model": "admin.logentry", "pk": 15, "fields": {"action_time": "2025-03-25T08:39:43.187Z", "user": 1, "content_type": 9, "object_id": "3", "object_repr": "Order by Ari - $0.00", "action_flag": 3, "change_message": ""}}, {"model": "admin.logentry", "pk": 16, "fields": {"action_time": "2025-03-25T08:39:43.187Z", "user": 1, "content_type": 9, "object_id": "2", "object_repr": "Order by Ari - $200.00", "action_flag": 3, "change_message": ""}}, {"model": "admin.logentry", "pk": 17, "fields": {"action_time": "2025-03-25T08:39:43.187Z", "user": 1, "content_type": 9, "object_id": "1", "object_repr": "Order by Ari - $200.00", "action_flag": 3, "change_message": ""}}, {"model": "admin.logentry", "pk": 18, "fields": {"action_time": "2025-03-31T13:28:13.370Z", "user": 1, "content_type": 12, "object_id": "1", "object_repr": "Margarita (Small)", "action_flag": 1, "change_message": "[{\"added\": {}}]"}}, {"model": "admin.logentry", "pk": 19, "fields": {"action_time": "2025-03-31T13:28:23.377Z", "user": 1, "content_type": 12, "object_id": "2", "object_repr": "Margarita (Medium)", "action_flag": 1, "change_message": "[{\"added\": {}}]"}}, {"model": "admin.logentry", "pk": 20, "fields": {"action_time": "2025-03-31T13:28:31.976Z", "user": 1, "content_type": 12, "object_id": "3", "object_repr": "Margarita (Large)", "action_flag": 1, "change_message": "[{\"added\": {}}]"}}, {"model": "admin.logentry", "pk": 21, "fields": {"action_time": "2025-03-31T13:28:49.137Z", "user": 1, "content_type": 12, "object_id": "4", "object_repr": "Pepperoni (Small)", "action_flag": 1, "change_message": "[{\"added\": {}}]"}}, {"model": "admin.logentry", "pk": 22, "fields": {"action_time": "2025-03-31T13:29:00.958Z", "user": 1, "content_type": 12, "object_id": "5", "object_repr": "Pepperoni (Medium)", "action_flag": 1, "change_message": "[{\"added\": {}}]"}}, {"model": "admin.logentry", "pk": 23, "fields": {"action_time": "2025-03-31T13:29:08.760Z", "user": 1, "content_type": 12, "object_id": "6", "object_repr": "Pepperoni (Large)", "action_flag": 1, "change_message": "[{\"added\": {}}]"}}, {"model": "admin.logentry", "pk": 24, "fields": {"action_time": "2025-05-28T10:44:31.843Z", "user": 5, "content_type": 9, "object_id": "26", "object_repr": "Order by Ari - $490.00", "action_flag": 3, "change_message": ""}}, {"model": "admin.logentry", "pk": 25, "fields": {"action_time": "2025-05-28T10:44:31.843Z", "user": 5, "content_type": 9, "object_id": "25", "object_repr": "Order by Ari - $490.00", "action_flag": 3, "change_message": ""}}, {"model": "admin.logentry", "pk": 26, "fields": {"action_time": "2025-05-28T10:44:31.843Z", "user": 5, "content_type": 9, "object_id": "24", "object_repr": "Order by Ari - $410.00", "action_flag": 3, "change_message": ""}}, {"model": "admin.logentry", "pk": 27, "fields": {"action_time": "2025-05-28T10:44:31.843Z", "user": 5, "content_type": 9, "object_id": "23", "object_repr": "Order by Ari - $210.00", "action_flag": 3, "change_message": ""}}, {"model": "admin.logentry", "pk": 28, "fields": {"action_time": "2025-05-28T10:44:31.843Z", "user": 5, "content_type": 9, "object_id": "22", "object_repr": "Order by Ari - $0.00", "action_flag": 3, "change_message": ""}}, {"model": "admin.logentry", "pk": 29, "fields": {"action_time": "2025-05-28T10:44:31.843Z", "user": 5, "content_type": 9, "object_id": "21", "object_repr": "Order by Ari - $0.00", "action_flag": 3, "change_message": ""}}, {"model": "admin.logentry", "pk": 30, "fields": {"action_time": "2025-05-28T10:44:31.843Z", "user": 5, "content_type": 9, "object_id": "20", "object_repr": "Order by Ari - $80.00", "action_flag": 3, "change_message": ""}}, {"model": "admin.logentry", "pk": 31, "fields": {"action_time": "2025-05-28T10:44:31.843Z", "user": 5, "content_type": 9, "object_id": "19", "object_repr": "Order by Ari - $80.00", "action_flag": 3, "change_message": ""}}, {"model": "admin.logentry", "pk": 32, "fields": {"action_time": "2025-05-28T10:44:31.843Z", "user": 5, "content_type": 9, "object_id": "18", "object_repr": "Order by Ari - $80.00", "action_flag": 3, "change_message": ""}}, {"model": "admin.logentry", "pk": 33, "fields": {"action_time": "2025-05-28T10:44:31.843Z", "user": 5, "content_type": 9, "object_id": "17", "object_repr": "Order by Ari - $80.00", "action_flag": 3, "change_message": ""}}, {"model": "admin.logentry", "pk": 34, "fields": {"action_time": "2025-05-28T10:44:31.843Z", "user": 5, "content_type": 9, "object_id": "16", "object_repr": "Order by Ari - $80.00", "action_flag": 3, "change_message": ""}}, {"model": "admin.logentry", "pk": 35, "fields": {"action_time": "2025-05-28T10:44:31.843Z", "user": 5, "content_type": 9, "object_id": "15", "object_repr": "Order by Ari - $80.00", "action_flag": 3, "change_message": ""}}, {"model": "admin.logentry", "pk": 36, "fields": {"action_time": "2025-05-28T10:44:31.843Z", "user": 5, "content_type": 9, "object_id": "14", "object_repr": "Order by Ari - $80.00", "action_flag": 3, "change_message": ""}}, {"model": "admin.logentry", "pk": 37, "fields": {"action_time": "2025-05-28T10:44:31.843Z", "user": 5, "content_type": 9, "object_id": "13", "object_repr": "Order by Ari - $130.00", "action_flag": 3, "change_message": ""}}, {"model": "admin.logentry", "pk": 38, "fields": {"action_time": "2025-05-28T10:44:31.843Z", "user": 5, "content_type": 9, "object_id": "12", "object_repr": "Order by Ari - $130.00", "action_flag": 3, "change_message": ""}}, {"model": "admin.logentry", "pk": 39, "fields": {"action_time": "2025-05-28T10:44:31.843Z", "user": 5, "content_type": 9, "object_id": "11", "object_repr": "Order by Sindre Nymann Vangen - $1350.00", "action_flag": 3, "change_message": ""}}, {"model": "admin.logentry", "pk": 40, "fields": {"action_time": "2025-05-28T10:44:31.843Z", "user": 5, "content_type": 9, "object_id": "10", "object_repr": "Order by Sindre Nymann Vangen - $0.00", "action_flag": 3, "change_message": ""}}, {"model": "admin.logentry", "pk": 41, "fields": {"action_time": "2025-05-28T10:48:28.506Z", "user": 5, "content_type": 8, "object_id": "3", "object_repr": "4 formaggi", "action_flag": 1, "change_message": "[{\"added\": {}}]"}}, {"model": "admin.logentry", "pk": 42, "fields": {"action_time": "2025-05-28T10:51:30.893Z", "user": 5, "content_type": 8, "object_id": "4", "object_repr": "Capricciosa", "action_flag": 1, "change_message": "[{\"added\": {}}]"}}, {"model": "admin.logentry", "pk": 43, "fields": {"action_time": "2025-05-28T10:52:02.201Z", "user": 5, "content_type": 12, "object_id": "1", "object_repr": "Margarita (Small)", "action_flag": 2, "change_message": "[]"}}, {"model": "admin.logentry", "pk": 44, "fields": {"action_time": "2025-05-28T10:52:25.013Z", "user": 5, "content_type": 12, "object_id": "7", "object_repr": "4 formaggi (Small)", "action_flag": 1, "change_message": "[{\"added\": {}}]"}}, {"model": "admin.logentry", "pk": 45, "fields": {"action_time": "2025-05-28T10:52:37.172Z", "user": 5, "content_type": 12, "object_id": "8", "object_repr": "4 formaggi (Medium)", "action_flag": 1, "change_message": "[{\"added\": {}}]"}}, {"model": "admin.logentry", "pk": 46, "fields": {"action_time": "2025-05-28T10:52:47.636Z", "user": 5, "content_type": 12, "object_id": "9", "object_repr": "4 formaggi (Large)", "action_flag": 1, "change_message": "[{\"added\": {}}]"}}, {"model": "admin.logentry", "pk": 47, "fields": {"action_time": "2025-05-29T11:52:49.332Z", "user": 1, "content_type": 10, "object_id": "1", "object_repr": "Ari", "action_flag": 3, "change_message": ""}}, {"model": "admin.logentry", "pk": 48, "fields": {"action_time": "2025-05-29T14:13:08.395Z", "user": 1, "content_type": 13, "object_id": "1", "object_repr": "Extra cheese", "action_flag": 1, "change_message": "[{\"added\": {}}]"}}, {"model": "admin.logentry", "pk": 49, "fields": {"action_time": "2025-05-29T16:29:35.357Z", "user": 7, "content_type": 13, "object_id": "2", "object_repr": "Pepperoni", "action_flag": 1, "change_message": "[{\"added\": {}}]"}}, {"model": "admin.logentry", "pk": 50, "fields": {"action_time": "2025-05-29T16:29:42.622Z", "user": 7, "content_type": 13, "object_id": "3", "object_repr": "Mushrooms", "action_flag": 1, "change_message": "[{\"added\": {}}]"}}, {"model": "admin.logentry", "pk": 51, "fields": {"action_time": "2025-05-29T16:29:51.497Z", "user": 7, "content_type": 13, "object_id": "4", "object_repr": "Ham", "action_flag": 1, "change_message": "[{\"added\": {}}]"}}, {"model": "admin.logentry", "pk": 52, "fields": {"action_time": "2025-05-29T16:30:00.061Z", "user": 7, "content_type": 13, "object_id": "5", "object_repr": "Black olives", "action_flag": 1, "change_message": "[{\"added\": {}}]"}}, {"model": "admin.logentry", "pk": 53, "fields": {"action_time": "2025-05-29T16:30:15.166Z", "user": 7, "content_type": 13, "object_id": "6", "object_repr": "Caramelized red onions", "action_flag": 1, "change_message": "[{\"added\": {}}]"}}, {"model": "admin.logentry", "pk": 54, "fields": {"action_time": "2025-05-29T16:30:30.259Z", "user": 7, "content_type": 13, "object_id": "7", "object_repr": "Pineapple", "action_flag": 1, "change_message": "[{\"added\": {}}]"}}, {"model": "admin.logentry", "pk": 55, "fields": {"action_time": "2025-05-29T16:30:35.486Z", "user": 7, "content_type": 13, "object_id": "8", "object_repr": "Jalapeños", "action_flag": 1, "change_message": "[{\"added\": {}}]"}}, {"model": "admin.logentry", "pk": 56, "fields": {"action_time": "2025-05-29T16:30:48.404Z", "user": 7, "content_type": 13, "object_id": "9", "object_repr": "Fresh basil", "action_flag": 1, "change_message": "[{\"added\": {}}]"}}, {"model": "admin.logentry", "pk": 57, "fields": {"action_time": "2025-05-29T17:18:49.927Z", "user": 7, "content_type": 9, "object_id": "34", "object_repr": "Order #34 - SinArHer - Pending", "action_flag": 2, "change_message": "[]"}}, {"model": "admin.logentry", "pk": 58, "fields": {"action_time": "2025-05-29T17:19:27.268Z", "user": 7, "content_type": 9, "object_id": "34", "object_repr": "Order #34 - SinArHer - Pending", "action_flag": 3, "change_message": ""}}, {"model": "admin.logentry", "pk": 59, "fields": {"action_time": "2025-05-29T17:19:27.268Z", "user": 7, "content_type": 9, "object_id": "33", "object_repr": "Order #33 - SinArHer - Pending", "action_flag": 3, "change_message": ""}}, {"model": "admin.logentry", "pk": 60, "fields": {"action_time": "2025-05-29T17:19:27.268Z", "user": 7, "content_type": 9, "object_id": "32", "object_repr": "Order #32 - SinArHer - Pending", "action_flag": 3, "change_message": ""}}, {"model": "admin.logentry", "pk": 61, "fields": {"action_time": "2025-05-29T17:19:27.268Z", "user": 7, "content_type": 9, "object_id": "31", "object_repr": "Order #31 - SinArHer - Pending", "action_flag": 3, "change_message": ""}}, {"model": "admin.logentry", "pk": 62, "fields": {"action_time": "2025-05-29T17:19:27.268Z", "user": 7, "content_type": 9, "object_id": "30", "object_repr": "Order #30 - SinArHer - Pending", "action_flag": 3, "change_message": ""}}, {"model": "admin.logentry", "pk": 63, "fields": {"action_time": "2025-05-29T17:19:27.268Z", "user": 7, "content_type": 9, "object_id": "29", "object_repr": "Order #29 - SinArHer - Pending", "action_flag": 3, "change_message": ""}}, {"model": "admin.logentry", "pk": 64, "fields": {"action_time": "2025-05-29T17:19:27.268Z", "user": 7, "content_type": 9, "object_id": "28", "object_repr": "Order #28 - Sindre Nymann Vangen - Pending", "action_flag": 3, "change_message": ""}}, {"model": "admin.logentry", "pk": 65, "fields": {"action_time": "2025-05-29T17:19:27.268Z", "user": 7, "content_type": 9, "object_id": "27", "object_repr": "Order #27 - Sindre Nymann Vangen - Pending", "action_flag": 3, "change_message": ""}}, {"model": "admin.logentry", "pk": 66, "fields": {"action_time": "2025-05-29T17:23:01.064Z", "user": 7, "content_type": 4, "object_id": "4", "object_repr": "Ariadna", "action_flag": 2, "change_message": "[{\"changed\": {\"fields\": [\"Staff status\", \"Superuser status\"]}}]"}}, {"model": "admin.logentry", "pk": 67, "fields": {"action_time": "2025-05-29T17:24:09.900Z", "user": 7, "content_type": 9, "object_id": "35", "object_repr": "Order #35 - SinArHer - Completed", "action_flag": 2, "change_message": "[{\"changed\": {\"fields\": [\"Status\"]}}]"}}, {"model": "admin.logentry", "pk": 68, "fields": {"action_time": "2025-05-29T17:24:13.128Z", "user": 7, "content_type": 9, "object_id": "35", "object_repr": "Order #35 - SinArHer - Cancelled", "action_flag": 2, "change_message": "[{\"changed\": {\"fields\": [\"Status\"]}}]"}}, {"model": "admin.logentry", "pk": 69, "fields": {"action_time": "2025-05-29T17:24:15.695Z", "user": 7, "content_type": 9, "object_id": "35", "object_repr": "Order #35 - SinArHer - Pending", "action_flag": 2, "change_message": "[{\"changed\": {\"fields\": [\"Status\"]}}]"}}, {"model": "admin.logentry", "pk": 70, "fields": {"action_time": "2025-05-29T17:24:26.247Z", "user": 7, "content_type": 9, "object_id": "35", "object_repr": "Order #35 - SinArHer - Completed", "action_flag": 2, "change_message": "[{\"changed\": {\"fields\": [\"Status\"]}}]"}}, {"model": "admin.logentry", "pk": 71, "fields": {"action_time": "2025-05-29T18:13:57.038Z", "user": 4, "content_type": 9, "object_id": "42", "object_repr": "Order #42 - Pepe - Pending", "action_flag": 3, "change_message": ""}}, {"model": "admin.logentry", "pk": 72, "fields": {"action_time": "2025-05-29T18:13:57.038Z", "user": 4, "content_type": 9, "object_id": "41", "object_repr": "Order #41 - Pepe - Pending", "action_flag": 3, "change_message": ""}}, {"model": "admin.logentry", "pk": 73, "fields": {"action_time": "2025-05-29T23:26:04.224Z", "user": 4, "content_type": 16, "object_id": "1", "object_repr": "Cocacola - 200 kr", "action_flag": 1, "change_message": "[{\"added\": {}}]"}}, {"model": "admin.logentry", "pk": 74, "fields": {"action_time": "2025-05-29T23:43:47.161Z", "user": 4, "content_type": 16, "object_id": "1", "object_repr": "Cocacola - 200.00 kr", "action_flag": 2, "change_message": "[]"}}, {"model": "admin.logentry", "pk": 75, "fields": {"action_time": "2025-05-29T23:43:54.462Z", "user": 4, "content_type": 16, "object_id": "2", "object_repr": "Pepsi - 190 kr", "action_flag": 1, "change_message": "[{\"added\": {}}]"}}, {"model": "admin.logentry", "pk": 76, "fields": {"action_time": "2025-05-30T08:37:41.406Z", "user": 4, "content_type": 9, "object_id": "52", "object_repr": "Order #52 - Pepe - On the Way", "action_flag": 2, "change_message": "[{\"changed\": {\"fields\": [\"Status\"]}}]"}}, {"model": "admin.logentry", "pk": 77, "fields": {"action_time": "2025-05-30T08:37:41.408Z", "user": 4, "content_type": 9, "object_id": "51", "object_repr": "Order #51 - Pepe - In Progress", "action_flag": 2, "change_message": "[{\"changed\": {\"fields\": [\"Status\"]}}]"}}, {"model": "admin.logentry", "pk": 78, "fields": {"action_time": "2025-05-30T11:05:51.885Z", "user": 4, "content_type": 9, "object_id": "67", "object_repr": "Order #67 - Pepe - Pending", "action_flag": 2, "change_message": "[]"}}, {"model": "admin.logentry", "pk": 79, "fields": {"action_time": "2025-06-02T17:49:11.292Z", "user": 1, "content_type": 8, "object_id": "5", "object_repr": "Nduja", "action_flag": 1, "change_message": "[{\"added\": {}}]"}}, {"model": "admin.logentry", "pk": 80, "fields": {"action_time": "2025-06-02T17:49:24.084Z", "user": 1, "content_type": 8, "object_id": "5", "object_repr": "Nduja", "action_flag": 2, "change_message": "[{\"changed\": {\"fields\": [\"Price\"]}}]"}}, {"model": "admin.logentry", "pk": 81, "fields": {"action_time": "2025-06-02T17:53:21.823Z", "user": 1, "content_type": 8, "object_id": "6", "object_repr": "Bianca", "action_flag": 1, "change_message": "[{\"added\": {}}]"}}, {"model": "admin.logentry", "pk": 82, "fields": {"action_time": "2025-06-04T12:50:39.967Z", "user": 1, "content_type": 12, "object_id": "10", "object_repr": "Capricciosa (Small)", "action_flag": 1, "change_message": "[{\"added\": {}}]"}}, {"model": "admin.logentry", "pk": 83, "fields": {"action_time": "2025-06-04T12:50:55.967Z", "user": 1, "content_type": 12, "object_id": "11", "object_repr": "Capricciosa (Medium)", "action_flag": 1, "change_message": "[{\"added\": {}}]"}}, {"model": "admin.logentry", "pk": 84, "fields": {"action_time": "2025-06-04T12:51:02.727Z", "user": 1, "content_type": 12, "object_id": "12", "object_repr": "Capricciosa (Large)", "action_flag": 1, "change_message": "[{\"added\": {}}]"}}, {"model": "admin.logentry", "pk": 85, "fields": {"action_time": "2025-06-04T12:51:17.954Z", "user": 1, "content_type": 12, "object_id": "1", "object_repr": "Margarita (Small)", "action_flag": 2, "change_message": "[{\"changed\": {\"fields\": [\"Price\"]}}]"}}, {"model": "admin.logentry", "pk": 86, "fields": {"action_time": "2025-06-04T12:51:21.959Z", "user": 1, "content_type": 12, "object_id": "2", "object_repr": "Margarita (Medium)", "action_flag": 2, "change_message": "[]"}}, {"model": "admin.logentry", "pk": 87, "fields": {"action_time": "2025-06-04T12:51:23.992Z", "user": 1, "content_type": 12, "object_id": "3", "object_repr": "Margarita (Large)", "action_flag": 2, "change_message": "[]"}}, {"model": "admin.logentry", "pk": 88, "fields": {"action_time": "2025-06-04T12:51:29.695Z", "user": 1, "content_type": 12, "object_id": "4", "object_repr": "Pepperoni (Small)", "action_flag": 2, "change_message": "[{\"changed\": {\"fields\": [\"Price\"]}}]"}}, {"model": "admin.logentry", "pk": 89, "fields": {"action_time": "2025-06-04T12:51:34.508Z", "user": 1, "content_type": 12, "object_id": "2", "object_repr": "Margarita (Medium)", "action_flag": 2, "change_message": "[]"}}, {"model": "admin.logentry", "pk": 90, "fields": {"action_time": "2025-06-04T12:51:37.259Z", "user": 1, "content_type": 12, "object_id": "4", "object_repr": "Pepperoni (Small)", "action_flag": 2, "change_message": "[]"}}, {"model": "admin.logentry", "pk": 91, "fields": {"action_time": "2025-06-04T12:51:41.393Z", "user": 1, "content_type": 12, "object_id": "5", "object_repr": "Pepperoni (Medium)", "action_flag": 2, "change_message": "[{\"changed\": {\"fields\": [\"Price\"]}}]"}}, {"model": "admin.logentry", "pk": 92, "fields": {"action_time": "2025-06-04T12:51:45.910Z", "user": 1, "content_type": 12, "object_id": "6", "object_repr": "Pepperoni (Large)", "action_flag": 2, "change_message": "[{\"changed\": {\"fields\": [\"Price\"]}}]"}}, {"model": "admin.logentry", "pk": 93, "fields": {"action_time": "2025-06-04T12:51:50.870Z", "user": 1, "content_type": 12, "object_id": "7", "object_repr": "4 formaggi (Small)", "action_flag": 2, "change_message": "[{\"changed\": {\"fields\": [\"Price\"]}}]"}}, {"model": "admin.logentry", "pk": 94, "fields": {"action_time": "2025-06-04T12:51:56.842Z", "user": 1, "content_type": 12, "object_id": "8", "object_repr": "4 formaggi (Medium)", "action_flag": 2, "change_message": "[{\"changed\": {\"fields\": [\"Price\"]}}]"}}, {"model": "admin.logentry", "pk": 95, "fields": {"action_time": "2025-06-04T12:52:02.179Z", "user": 1, "content_type": 12, "object_id": "9", "object_repr": "4 formaggi (Large)", "action_flag": 2, "change_message": "[{\"changed\": {\"fields\": [\"Price\"]}}]"}}, {"model": "admin.logentry", "pk": 96, "fields": {"action_time": "2025-06-04T12:52:05.189Z", "user": 1, "content_type": 12, "object_id": "10", "object_repr": "Capricciosa (Small)", "action_flag": 2, "change_message": "[]"}}, {"model": "admin.logentry", "pk": 97, "fields": {"action_time": "2025-06-04T12:52:09.313Z", "user": 1, "content_type": 12, "object_id": "11", "object_repr": "Capricciosa (Medium)", "action_flag": 2, "change_message": "[{\"changed\": {\"fields\": [\"Price\"]}}]"}}, {"model": "admin.logentry", "pk": 98, "fields": {"action_time": "2025-06-04T12:52:13.416Z", "user": 1, "content_type": 12, "object_id": "12", "object_repr": "Capricciosa (Large)", "action_flag": 2, "change_message": "[{\"changed\": {\"fields\": [\"Price\"]}}]"}}, {"model": "admin.logentry", "pk": 99, "fields": {"action_time": "2025-06-04T12:52:35.446Z", "user": 1, "content_type": 12, "object_id": "13", "object_repr": "Nduja (Small)", "action_flag": 1, "change_message": "[{\"added\": {}}]"}}, {"model": "admin.logentry", "pk": 100, "fields": {"action_time": "2025-06-04T12:52:40.998Z", "user": 1, "content_type": 12, "object_id": "14", "object_repr": "Nduja (Medium)", "action_flag": 1, "change_message": "[{\"added\": {}}]"}}, {"model": "admin.logentry", "pk": 101, "fields": {"action_time": "2025-06-04T12:52:48.914Z", "user": 1, "content_type": 12, "object_id": "15", "object_repr": "Nduja (Large)", "action_flag": 1, "change_message": "[{\"added\": {}}]"}}, {"model": "admin.logentry", "pk": 102, "fields": {"action_time": "2025-06-04T12:52:55.559Z", "user": 1, "content_type": 12, "object_id": "16", "object_repr": "Bianca (Small)", "action_flag": 1, "change_message": "[{\"added\": {}}]"}}, {"model": "admin.logentry", "pk": 103, "fields": {"action_time": "2025-06-04T12:53:01.080Z", "user": 1, "content_type": 12, "object_id": "17", "object_repr": "Bianca (Medium)", "action_flag": 1, "change_message": "[{\"added\": {}}]"}}, {"model": "admin.logentry", "pk": 104, "fields": {"action_time": "2025-06-04T12:53:06.524Z", "user": 1, "content_type": 12, "object_id": "18", "object_repr": "Bianca (Large)", "action_flag": 1, "change_message": "[{\"added\": {}}]"}}, {"model": "admin.logentry", "pk": 105, "fields": {"action_time": "2025-06-04T13:30:56.262Z", "user": 1, "content_type": 16, "object_id": "2", "object_repr": "Pepsi - 25.00 kr", "action_flag": 2, "change_message": "[{\"changed\": {\"fields\": [\"Price\"]}}]"}}, {"model": "admin.logentry", "pk": 106, "fields": {"action_time": "2025-06-04T13:31:01.303Z", "user": 1, "content_type": 16, "object_id": "1", "object_repr": "Cocacola - 25.00 kr", "action_flag": 2, "change_message": "[{\"changed\": {\"fields\": [\"Price\"]}}]"}}, {"model": "admin.logentry", "pk": 107, "fields": {"action_time": "2025-06-04T13:31:59.796Z", "user": 1, "content_type": 16, "object_id": "3", "object_repr": "Solo - 25 kr", "action_flag": 1, "change_message": "[{\"added\": {}}]"}}, {"model": "admin.logentry", "pk": 108, "fields": {"action_time": "2025-06-04T13:32:22.938Z", "user": 1, "content_type": 16, "object_id": "4", "object_repr": "Sprite - 25 kr", "action_flag": 1, "change_message": "[{\"added\": {}}]"}}, {"model": "admin.logentry", "pk": 109, "fields": {"action_time": "2025-06-04T13:32:40.683Z", "user": 1, "content_type": 16, "object_id": "5", "object_repr": "Bonaqua Eple - 25 kr", "action_flag": 1, "change_message": "[{\"added\": {}}]"}}, {"model": "admin.logentry", "pk": 110, "fields": {"action_time": "2025-06-04T13:32:52.586Z", "user": 1, "content_type": 16, "object_id": "6", "object_repr": "Imsdal - 25 kr", "action_flag": 1, "change_message": "[{\"added\": {}}]"}}, {"model": "admin.logentry", "pk": 111, "fields": {"action_time": "2025-06-04T13:34:07.371Z", "user": 1, "content_type": 16, "object_id": "1", "object_repr": "Coca cola - 25.00 kr", "action_flag": 2, "change_message": "[{\"changed\": {\"fields\": [\"Name\", \"Description\"]}}]"}}, {"model": "admin.logentry", "pk": 112, "fields": {"action_time": "2025-06-04T13:34:21.826Z", "user": 1, "content_type": 16, "object_id": "2", "object_repr": "Pepsi - 25.00 kr", "action_flag": 2, "change_message": "[{\"changed\": {\"fields\": [\"Description\"]}}]"}}, {"model": "admin.logentry", "pk": 113, "fields": {"action_time": "2025-06-04T18:39:46.652Z", "user": 1, "content_type": 16, "object_id": "6", "object_repr": "Imsdal - 25.00 kr", "action_flag": 2, "change_message": "[{\"changed\": {\"fields\": [\"Image\"]}}]"}}, {"model": "admin.logentry", "pk": 114, "fields": {"action_time": "2025-06-04T18:40:04.080Z", "user": 1, "content_type": 16, "object_id": "5", "object_repr": "Bonaqua Eple - 25.00 kr", "action_flag": 2, "change_message": "[{\"changed\": {\"fields\": [\"Image\"]}}]"}}, {"model": "admin.logentry", "pk": 115, "fields": {"action_time": "2025-06-04T18:40:11.054Z", "user": 1, "content_type": 16, "object_id": "4", "object_repr": "Sprite - 25.00 kr", "action_flag": 2, "change_message": "[{\"changed\": {\"fields\": [\"Image\"]}}]"}}, {"model": "admin.logentry", "pk": 116, "fields": {"action_time": "2025-06-04T18:40:16.957Z", "user": 1, "content_type": 16, "object_id": "3", "object_repr": "Solo - 25.00 kr", "action_flag": 2, "change_message": "[{\"changed\": {\"fields\": [\"Image\"]}}]"}}, {"model": "admin.logentry", "pk": 117, "fields": {"action_time": "2025-06-04T18:40:23.396Z", "user": 1, "content_type": 16, "object_id": "2", "object_repr": "Pepsi - 25.00 kr", "action_flag": 2, "change_message": "[{\"changed\": {\"fields\": [\"Image\"]}}]"}}, {"model": "admin.logentry", "pk": 118, "fields": {"action_time": "2025-06-04T18:40:29.111Z", "user": 1, "content_type": 16, "object_id": "1", "object_repr": "Coca cola - 25.00 kr", "action_flag": 2, "change_message": "[{\"changed\": {\"fields\": [\"Image\"]}}]"}}, {"model": "admin.logentry", "pk": 119, "fields": {"action_time": "2025-06-04T18:42:08.982Z", "user": 1, "content_type": 16, "object_id": "7", "object_repr": "Redbull - 30 kr", "action_flag": 1, "change_message": "[{\"added\": {}}]"}}, {"model": "admin.logentry", "pk": 120, "fields": {"action_time": "2025-06-04T18:42:24.500Z", "user": 1, "content_type": 16, "object_id": "7", "object_repr": "Redbull - 30.00 kr", "action_flag": 3, "change_message": ""}}, {"model": "admin.logentry", "pk": 121, "fields": {"action_time": "2025-06-04T18:43:26.337Z", "user": 1, "content_type": 8, "object_id": "7", "object_repr": "SKinke", "action_flag": 1, "change_message": "[{\"added\": {}}]"}}, {"model": "admin.logentry", "pk": 122, "fields": {"action_time": "2025-06-04T18:43:46.780Z", "user": 1, "content_type": 8, "object_id": "7", "object_repr": "SKinke", "action_flag": 3, "change_message": ""}}, {"model": "admin.logentry", "pk": 123, "fields": {"action_time": "2025-06-04T18:44:31.666Z", "user": 1, "content_type": 8, "object_id": "8", "object_repr": "skiaejowing", "action_flag": 1, "change_message": "[{\"added\": {}}]"}}, {"model": "admin.logentry", "pk": 124, "fields": {"action_time": "2025-06-04T18:44:54.916Z", "user": 1, "content_type": 8, "object_id": "8", "object_repr": "skiaejowing", "action_flag": 3, "change_message": ""}}, {"model": "admin.logentry", "pk": 125, "fields": {"action_time": "2025-06-05T07:02:17.768Z", "user": 1, "content_type": 8, "object_id": "6", "object_repr": "Bianca", "action_flag": 2, "change_message": "[]"}}, {"model": "admin.logentry", "pk": 126, "fields": {"action_time": "2025-06-05T07:02:31.022Z", "user": 1, "content_type": 8, "object_id": "5", "object_repr": "Nduja", "action_flag": 2, "change_message": "[{\"changed\": {\"fields\": [\"Description\"]}}]"}}, {"model": "admin.logentry", "pk": 127, "fields": {"action_time": "2025-06-05T07:02:53.029Z", "user": 1, "content_type": 8, "object_id": "4", "object_repr": "Capricciosa", "action_flag": 2, "change_message": "[{\"changed\": {\"fields\": [\"Description\"]}}]"}}, {"model": "admin.logentry", "pk": 128, "fields": {"action_time": "2025-06-05T07:03:06.680Z", "user": 1, "content_type": 8, "object_id": "3", "object_repr": "4 formaggi", "action_flag": 2, "change_message": "[{\"changed\": {\"fields\": [\"Description\"]}}]"}}, {"model": "admin.logentry", "pk": 129, "fields": {"action_time": "2025-06-05T07:03:17.087Z", "user": 1, "content_type": 8, "object_id": "2", "object_repr": "Pepperoni", "action_flag": 2, "change_message": "[{\"changed\": {\"fields\": [\"Description\"]}}]"}}, {"model": "admin.logentry", "pk": 130, "fields": {"action_time": "2025-06-05T07:03:23.679Z", "user": 1, "content_type": 8, "object_id": "1", "object_repr": "Margarita", "action_flag": 2, "change_message": "[{\"changed\": {\"fields\": [\"Description\"]}}]"}}, {"model": "admin.logentry", "pk": 131, "fields": {"action_time": "2025-06-05T07:14:30.193Z", "user": 1, "content_type": 4, "object_id": "9", "object_repr": "testuser", "action_flag": 1, "change_message": "[{\"added\": {}}]"}}, {"model": "admin.logentry", "pk": 132, "fields": {"action_time": "2025-06-05T07:16:11.849Z", "user": 1, "content_type": 4, "object_id": "9", "object_repr": "testcustomer", "action_flag": 2, "change_message": "[{\"changed\": {\"fields\": [\"Username\"]}}]"}}, {"model": "admin.logentry", "pk": 133, "fields": {"action_time": "2025-06-05T07:16:47.204Z", "user": 1, "content_type": 4, "object_id": "10", "object_repr": "testadmin", "action_flag": 1, "change_message": "[{\"added\": {}}]"}}, {"model": "admin.logentry", "pk": 134, "fields": {"action_time": "2025-06-05T07:17:15.173Z", "user": 1, "content_type": 4, "object_id": "10", "object_repr": "testadmin", "action_flag": 2, "change_message": "[{\"changed\": {\"fields\": [\"Staff status\", \"Superuser status\"]}}]"}}, {"model": "admin.logentry", "pk": 135, "fields": {"action_time": "2025-06-05T07:31:27.452Z", "user": 1, "content_type": 9, "object_id": "94", "object_repr": "Order #94 - Herman - Completed", "action_flag": 2, "change_message": "[{\"changed\": {\"fields\": [\"Status\"]}}]"}}, {"model": "admin.logentry", "pk": 136, "fields": {"action_time": "2025-06-05T08:02:10.824Z", "user": 1, "content_type": 9, "object_id": "102", "object_repr": "Order #102 - Sindre Nymann Vangen - Pending", "action_flag": 3, "change_message": ""}}, {"model": "admin.logentry", "pk": 137, "fields": {"action_time": "2025-06-05T08:02:10.824Z", "user": 1, "content_type": 9, "object_id": "101", "object_repr": "Order #101 - Herman - Pending", "action_flag": 3, "change_message": ""}}, {"model": "admin.logentry", "pk": 138, "fields": {"action_time": "2025-06-05T08:02:10.824Z", "user": 1, "content_type": 9, "object_id": "100", "object_repr": "Order #100 - Sindre Nymann Vangen - Pending", "action_flag": 3, "change_message": ""}}, {"model": "admin.logentry", "pk": 139, "fields": {"action_time": "2025-06-05T08:02:10.824Z", "user": 1, "content_type": 9, "object_id": "99", "object_repr": "Order #99 - Sindre Nymann Vangen - Pending", "action_flag": 3, "change_message": ""}}, {"model": "admin.logentry", "pk": 140, "fields": {"action_time": "2025-06-05T08:02:10.824Z", "user": 1, "content_type": 9, "object_id": "70", "object_repr": "Order #70 - SinArHer - Pending", "action_flag": 3, "change_message": ""}}, {"model": "admin.logentry", "pk": 141, "fields": {"action_time": "2025-06-05T08:02:10.824Z", "user": 1, "content_type": 9, "object_id": "68", "object_repr": "Order #68 - Sindre Nymann Vangen - Pending", "action_flag": 3, "change_message": ""}}, {"model": "admin.logentry", "pk": 142, "fields": {"action_time": "2025-06-05T08:02:10.824Z", "user": 1, "content_type": 9, "object_id": "66", "object_repr": "Order #66 - SinArHer - Pending", "action_flag": 3, "change_message": ""}}, {"model": "admin.logentry", "pk": 143, "fields": {"action_time": "2025-06-05T08:02:10.824Z", "user": 1, "content_type": 9, "object_id": "65", "object_repr": "Order #65 - SinArHer - Pending", "action_flag": 3, "change_message": ""}}, {"model": "admin.logentry", "pk": 144, "fields": {"action_time": "2025-06-05T08:02:10.824Z", "user": 1, "content_type": 9, "object_id": "64", "object_repr": "Order #64 - SinArHer - Pending", "action_flag": 3, "change_message": ""}}, {"model": "admin.logentry", "pk": 145, "fields": {"action_time": "2025-06-05T08:02:10.824Z", "user": 1, "content_type": 9, "object_id": "63", "object_repr": "Order #63 - SinArHer - Pending", "action_flag": 3, "change_message": ""}}, {"model": "admin.logentry", "pk": 146, "fields": {"action_time": "2025-06-05T08:02:10.824Z", "user": 1, "content_type": 9, "object_id": "62", "object_repr": "Order #62 - SinArHer - Pending", "action_flag": 3, "change_message": ""}}, {"model": "admin.logentry", "pk": 147, "fields": {"action_time": "2025-06-05T08:02:10.824Z", "user": 1, "content_type": 9, "object_id": "61", "object_repr": "Order #61 - SinArHer - Pending", "action_flag": 3, "change_message": ""}}, {"model": "admin.logentry", "pk": 148, "fields": {"action_time": "2025-06-05T08:02:10.824Z", "user": 1, "content_type": 9, "object_id": "60", "object_repr": "Order #60 - SinArHer - Pending", "action_flag": 3, "change_message": ""}}, {"model": "admin.logentry", "pk": 149, "fields": {"action_time": "2025-06-05T08:02:10.824Z", "user": 1, "content_type": 9, "object_id": "59", "object_repr": "Order #59 - SinArHer - Pending", "action_flag": 3, "change_message": ""}}, {"model": "admin.logentry", "pk": 150, "fields": {"action_time": "2025-06-05T08:02:10.824Z", "user": 1, "content_type": 9, "object_id": "58", "object_repr": "Order #58 - SinArHer - Pending", "action_flag": 3, "change_message": ""}}, {"model": "admin.logentry", "pk": 151, "fields": {"action_time": "2025-06-05T08:02:10.824Z", "user": 1, "content_type": 9, "object_id": "57", "object_repr": "Order #57 - SinArHer - Pending", "action_flag": 3, "change_message": ""}}, {"model": "admin.logentry", "pk": 152, "fields": {"action_time": "2025-06-05T08:02:10.824Z", "user": 1, "content_type": 9, "object_id": "56", "object_repr": "Order #56 - SinArHer - Pending", "action_flag": 3, "change_message": ""}}, {"model": "admin.logentry", "pk": 153, "fields": {"action_time": "2025-06-05T08:02:10.825Z", "user": 1, "content_type": 9, "object_id": "55", "object_repr": "Order #55 - SinArHer - Pending", "action_flag": 3, "change_message": ""}}, {"model": "admin.logentry", "pk": 154, "fields": {"action_time": "2025-06-05T08:02:10.825Z", "user": 1, "content_type": 9, "object_id": "54", "object_repr": "Order #54 - SinArHer - Pending", "action_flag": 3, "change_message": ""}}, {"model": "admin.logentry", "pk": 155, "fields": {"action_time": "2025-06-05T08:02:10.825Z", "user": 1, "content_type": 9, "object_id": "53", "object_repr": "Order #53 - SinArHer - Pending", "action_flag": 3, "change_message": ""}}, {"model": "admin.logentry", "pk": 156, "fields": {"action_time": "2025-06-05T08:02:10.825Z", "user": 1, "content_type": 9, "object_id": "50", "object_repr": "Order #50 - SinArHer - Pending", "action_flag": 3, "change_message": ""}}, {"model": "admin.logentry", "pk": 157, "fields": {"action_time": "2025-06-05T08:02:10.825Z", "user": 1, "content_type": 9, "object_id": "49", "object_repr": "Order #49 - SinArHer - Pending", "action_flag": 3, "change_message": ""}}, {"model": "admin.logentry", "pk": 158, "fields": {"action_time": "2025-06-05T08:02:10.825Z", "user": 1, "content_type": 9, "object_id": "46", "object_repr": "Order #46 - SinArHer - Pending", "action_flag": 3, "change_message": ""}}, {"model": "admin.logentry", "pk": 159, "fields": {"action_time": "2025-06-05T08:02:10.825Z", "user": 1, "content_type": 9, "object_id": "45", "object_repr": "Order #45 - SinArHer - Pending", "action_flag": 3, "change_message": ""}}, {"model": "admin.logentry", "pk": 160, "fields": {"action_time": "2025-06-05T08:02:10.825Z", "user": 1, "content_type": 9, "object_id": "44", "object_repr": "Order #44 - SinArHer - Pending", "action_flag": 3, "change_message": ""}}, {"model": "admin.logentry", "pk": 161, "fields": {"action_time": "2025-06-05T08:02:10.825Z", "user": 1, "content_type": 9, "object_id": "40", "object_repr": "Order #40 - SinArHer - Pending", "action_flag": 3, "change_message": ""}}, {"model": "admin.logentry", "pk": 162, "fields": {"action_time": "2025-06-05T08:02:10.825Z", "user": 1, "content_type": 9, "object_id": "39", "object_repr": "Order #39 - SinArHer - Pending", "action_flag": 3, "change_message": ""}}, {"model": "admin.logentry", "pk": 163, "fields": {"action_time": "2025-06-05T08:02:10.825Z", "user": 1, "content_type": 9, "object_id": "38", "object_repr": "Order #38 - SinArHer - Pending", "action_flag": 3, "change_message": ""}}, {"model": "admin.logentry", "pk": 164, "fields": {"action_time": "2025-06-05T08:02:10.825Z", "user": 1, "content_type": 9, "object_id": "37", "object_repr": "Order #37 - SinArHer - Pending", "action_flag": 3, "change_message": ""}}, {"model": "admin.logentry", "pk": 165, "fields": {"action_time": "2025-06-05T08:02:10.825Z", "user": 1, "content_type": 9, "object_id": "36", "object_repr": "Order #36 - SinArHer - Pending", "action_flag": 3, "change_message": ""}}, {"model": "admin.logentry", "pk": 166, "fields": {"action_time": "2025-06-05T08:02:10.825Z", "user": 1, "content_type": 9, "object_id": "35", "object_repr": "Order #35 - SinArHer - Completed", "action_flag": 3, "change_message": ""}}, {"model": "admin.logentry", "pk": 167, "fields": {"action_time": "2025-06-05T08:02:55.653Z", "user": 1, "content_type": 9, "object_id": "98", "object_repr": "Order #98 - Sindre Nymann Vangen - Pending", "action_flag": 3, "change_message": ""}}, {"model": "admin.logentry", "pk": 168, "fields": {"action_time": "2025-06-05T08:02:55.653Z", "user": 1, "content_type": 9, "object_id": "97", "object_repr": "Order #97 - Sindre Nymann Vangen - Pending", "action_flag": 3, "change_message": ""}}, {"model": "admin.logentry", "pk": 169, "fields": {"action_time": "2025-06-05T08:02:55.653Z", "user": 1, "content_type": 9, "object_id": "96", "object_repr": "Order #96 - Sindre Nymann Vangen - Pending", "action_flag": 3, "change_message": ""}}, {"model": "admin.logentry", "pk": 170, "fields": {"action_time": "2025-06-05T08:02:55.653Z", "user": 1, "content_type": 9, "object_id": "95", "object_repr": "Order #95 - Sindre Nymann Vangen - Pending", "action_flag": 3, "change_message": ""}}, {"model": "admin.logentry", "pk": 171, "fields": {"action_time": "2025-06-05T08:02:55.653Z", "user": 1, "content_type": 9, "object_id": "91", "object_repr": "Order #91 - Sindre Nymann Vangen - Pending", "action_flag": 3, "change_message": ""}}, {"model": "admin.logentry", "pk": 172, "fields": {"action_time": "2025-06-05T08:02:55.653Z", "user": 1, "content_type": 9, "object_id": "90", "object_repr": "Order #90 - Sindre Nymann Vangen - Pending", "action_flag": 3, "change_message": ""}}, {"model": "admin.logentry", "pk": 173, "fields": {"action_time": "2025-06-05T08:02:55.653Z", "user": 1, "content_type": 9, "object_id": "89", "object_repr": "Order #89 - Sindre Nymann Vangen - Pending", "action_flag": 3, "change_message": ""}}, {"model": "admin.logentry", "pk": 174, "fields": {"action_time": "2025-06-05T08:02:55.653Z", "user": 1, "content_type": 9, "object_id": "88", "object_repr": "Order #88 - Sindre Nymann Vangen - Pending", "action_flag": 3, "change_message": ""}}, {"model": "admin.logentry", "pk": 175, "fields": {"action_time": "2025-06-05T08:02:55.653Z", "user": 1, "content_type": 9, "object_id": "87", "object_repr": "Order #87 - Sindre Nymann Vangen - Pending", "action_flag": 3, "change_message": ""}}, {"model": "admin.logentry", "pk": 176, "fields": {"action_time": "2025-06-05T08:02:55.653Z", "user": 1, "content_type": 9, "object_id": "86", "object_repr": "Order #86 - Sindre Nymann Vangen - Pending", "action_flag": 3, "change_message": ""}}, {"model": "admin.logentry", "pk": 177, "fields": {"action_time": "2025-06-05T08:02:55.653Z", "user": 1, "content_type": 9, "object_id": "85", "object_repr": "Order #85 - SinArHer - Pending", "action_flag": 3, "change_message": ""}}, {"model": "admin.logentry", "pk": 178, "fields": {"action_time": "2025-06-05T08:02:55.653Z", "user": 1, "content_type": 9, "object_id": "84", "object_repr": "Order #84 - Sindre Nymann Vangen - Pending", "action_flag": 3, "change_message": ""}}, {"model": "admin.logentry", "pk": 179, "fields": {"action_time": "2025-06-05T08:02:55.653Z", "user": 1, "content_type": 9, "object_id": "83", "object_repr": "Order #83 - Sindre Nymann Vangen - Pending", "action_flag": 3, "change_message": ""}}, {"model": "admin.logentry", "pk": 180, "fields": {"action_time": "2025-06-05T08:02:55.653Z", "user": 1, "content_type": 9, "object_id": "82", "object_repr": "Order #82 - Sindre Nymann Vangen - Pending", "action_flag": 3, "change_message": ""}}, {"model": "admin.logentry", "pk": 181, "fields": {"action_time": "2025-06-05T08:02:55.653Z", "user": 1, "content_type": 9, "object_id": "81", "object_repr": "Order #81 - Sindre Nymann Vangen - Pending", "action_flag": 3, "change_message": ""}}, {"model": "admin.logentry", "pk": 182, "fields": {"action_time": "2025-06-05T08:02:55.653Z", "user": 1, "content_type": 9, "object_id": "80", "object_repr": "Order #80 - Sindre Nymann Vangen - Pending", "action_flag": 3, "change_message": ""}}, {"model": "admin.logentry", "pk": 183, "fields": {"action_time": "2025-06-05T08:02:55.653Z", "user": 1, "content_type": 9, "object_id": "79", "object_repr": "Order #79 - SinArHer - Pending", "action_flag": 3, "change_message": ""}}, {"model": "admin.logentry", "pk": 184, "fields": {"action_time": "2025-06-05T08:02:55.653Z", "user": 1, "content_type": 9, "object_id": "78", "object_repr": "Order #78 - Sindre Nymann Vangen - Pending", "action_flag": 3, "change_message": ""}}, {"model": "admin.logentry", "pk": 185, "fields": {"action_time": "2025-06-05T08:02:55.654Z", "user": 1, "content_type": 9, "object_id": "77", "object_repr": "Order #77 - Sindre Nymann Vangen - Pending", "action_flag": 3, "change_message": ""}}, {"model": "admin.logentry", "pk": 186, "fields": {"action_time": "2025-06-05T08:02:55.654Z", "user": 1, "content_type": 9, "object_id": "76", "object_repr": "Order #76 - Sindre Nymann Vangen - Pending", "action_flag": 3, "change_message": ""}}, {"model": "admin.logentry", "pk": 187, "fields": {"action_time": "2025-06-05T08:02:55.654Z", "user": 1, "content_type": 9, "object_id": "75", "object_repr": "Order #75 - Sindre Nymann Vangen - Pending", "action_flag": 3, "change_message": ""}}, {"model": "admin.logentry", "pk": 188, "fields": {"action_time": "2025-06-05T08:02:55.654Z", "user": 1, "content_type": 9, "object_id": "74", "object_repr": "Order #74 - Sindre Nymann Vangen - Pending", "action_flag": 3, "change_message": ""}}, {"model": "admin.logentry", "pk": 189, "fields": {"action_time": "2025-06-05T08:02:55.654Z", "user": 1, "content_type": 9, "object_id": "73", "object_repr": "Order #73 - Sindre Nymann Vangen - Pending", "action_flag": 3, "change_message": ""}}, {"model": "admin.logentry", "pk": 190, "fields": {"action_time": "2025-06-05T08:02:55.654Z", "user": 1, "content_type": 9, "object_id": "72", "object_repr": "Order #72 - Sindre Nymann Vangen - Pending", "action_flag": 3, "change_message": ""}}, {"model": "admin.logentry", "pk": 191, "fields": {"action_time": "2025-06-05T08:02:55.654Z", "user": 1, "content_type": 9, "object_id": "71", "object_repr": "Order #71 - Sindre Nymann Vangen - Pending", "action_flag": 3, "change_message": ""}}, {"model": "admin.logentry", "pk": 192, "fields": {"action_time": "2025-06-05T08:02:55.654Z", "user": 1, "content_type": 9, "object_id": "69", "object_repr": "Order #69 - SinArHer - Pending", "action_flag": 3, "change_message": ""}}, {"model": "admin.logentry", "pk": 193, "fields": {"action_time": "2025-06-05T08:03:14.073Z", "user": 1, "content_type": 9, "object_id": "94", "object_repr": "Order #94 - Herman - Completed", "action_flag": 3, "change_message": ""}}, {"model": "admin.logentry", "pk": 194, "fields": {"action_time": "2025-06-05T08:03:14.073Z", "user": 1, "content_type": 9, "object_id": "93", "object_repr": "Order #93 - SinArHer - Pending", "action_flag": 3, "change_message": ""}}, {"model": "admin.logentry", "pk": 195, "fields": {"action_time": "2025-06-05T08:03:14.073Z", "user": 1, "content_type": 9, "object_id": "92", "object_repr": "Order #92 - Sindre Nymann Vangen - Pending", "action_flag": 3, "change_message": ""}}, {"model": "admin.logentry", "pk": 196, "fields": {"action_time": "2025-06-05T08:11:25.377Z", "user": 10, "content_type": 4, "object_id": "8", "object_repr": "Pepe", "action_flag": 2, "change_message": "[{\"changed\": {\"fields\": [\"Email address\"]}}]"}}, {"model": "admin.logentry", "pk": 197, "fields": {"action_time": "2025-06-05T08:12:38.428Z", "user": 10, "content_type": 4, "object_id": "6", "object_repr": "sindrenv", "action_flag": 3, "change_message": ""}}, {"model": "admin.logentry", "pk": 198, "fields": {"action_time": "2025-06-05T08:12:54.358Z", "user": 10, "content_type": 4, "object_id": "11", "object_repr": "Herman", "action_flag": 3, "change_message": ""}}, {"model": "admin.logentry", "pk": 199, "fields": {"action_time": "2025-06-05T08:13:16.387Z", "user": 10, "content_type": 4, "object_id": "4", "object_repr": "1adminuser", "action_flag": 2, "change_message": "[{\"changed\": {\"fields\": [\"Username\"]}}]"}}, {"model": "admin.logentry", "pk": 200, "fields": {"action_time": "2025-06-05T08:13:25.319Z", "user": 10, "content_type": 4, "object_id": "4", "object_repr": "1adminuser", "action_flag": 2, "change_message": "[{\"changed\": {\"fields\": [\"Email address\"]}}]"}}, {"model": "admin.logentry", "pk": 201, "fields": {"action_time": "2025-06-05T08:13:36.277Z", "user": 10, "content_type": 4, "object_id": "8", "object_repr": "Pepe", "action_flag": 2, "change_message": "[]"}}, {"model": "admin.logentry", "pk": 202, "fields": {"action_time": "2025-06-05T08:13:45.085Z", "user": 10, "content_type": 4, "object_id": "1", "object_repr": "SinArHer", "action_flag": 2, "change_message": "[{\"changed\": {\"fields\": [\"Email address\"]}}]"}}, {"model": "admin.logentry", "pk": 203, "fields": {"action_time": "2025-06-05T08:13:58.174Z", "user": 10, "content_type": 4, "object_id": "1", "object_repr": "2adminuser", "action_flag": 2, "change_message": "[{\"changed\": {\"fields\": [\"Username\"]}}]"}}, {"model": "admin.logentry", "pk": 204, "fields": {"action_time": "2025-06-05T08:14:12.923Z", "user": 10, "content_type": 4, "object_id": "7", "object_repr": "3adminuser", "action_flag": 2, "change_message": "[{\"changed\": {\"fields\": [\"Username\", \"Email address\"]}}]"}}, {"model": "admin.logentry", "pk": 205, "fields": {"action_time": "2025-06-05T08:14:27.321Z", "user": 10, "content_type": 4, "object_id": "5", "object_repr": "4adminuser", "action_flag": 2, "change_message": "[{\"changed\": {\"fields\": [\"Username\", \"Email address\"]}}]"}}, {"model": "admin.logentry", "pk": 206, "fields": {"action_time": "2025-06-05T08:15:44.945Z", "user": 10, "content_type": 10, "object_id": "3", "object_repr": "2adminuser", "action_flag": 2, "change_message": "[{\"changed\": {\"fields\": [\"Name\", \"Email\", \"Phone\", \"Address\"]}}]"}}, {"model": "admin.logentry", "pk": 207, "fields": {"action_time": "2025-06-05T08:15:51.698Z", "user": 10, "content_type": 10, "object_id": "3", "object_repr": "2adminuser", "action_flag": 2, "change_message": "[{\"changed\": {\"fields\": [\"Email\"]}}]"}}, {"model": "admin.logentry", "pk": 208, "fields": {"action_time": "2025-06-05T08:16:15.542Z", "user": 10, "content_type": 10, "object_id": "6", "object_repr": "Pepe", "action_flag": 2, "change_message": "[{\"changed\": {\"fields\": [\"Email\", \"Phone\", \"Address\"]}}]"}}, {"model": "admin.logentry", "pk": 209, "fields": {"action_time": "2025-06-05T08:16:29.096Z", "user": 10, "content_type": 10, "object_id": "2", "object_repr": "Sindre Nymann Vangen", "action_flag": 3, "change_message": ""}}, {"model": "auth.user", "pk": 1, "fields": {"password": "pbkdf2_sha256$870000$GEj8XSYNibVciNChKHIPEK$hX0Dk2hox5XV7oUj5Q2w76HGeOdC3kYkfo8QvYHqrgM=", "last_login": "2025-06-05T07:31:50Z", "is_superuser": true, "username": "2adminuser", "first_name": "", "last_name": "", "email": "thepizzeriacontacto@gmail.com", "is_staff": true, "is_active": true, "date_joined": "2025-03-17T09:51:33Z", "groups": [], "user_permissions": []}}, {"model": "auth.user", "pk": 2, "fields": {"password": "pbkdf2_sha256$870000$9XyUYRGhCmJupQKnd0tiTp$DmZTQUzOCC1X4jlE99JnUO60mf11DPjlQHfZWJ4Fph8=", "last_login": null, "is_superuser": false, "username": "Customer_1", "first_name": "Harald", "last_name": "", "email": "", "is_staff": false, "is_active": true, "date_joined": "2025-03-24T13:47:12Z", "groups": [], "user_permissions": []}}, {"model": "auth.user", "pk": 3, "fields": {"password": "pbkdf2_sha256$870000$jB3mGY6tOz6eoQyC6Ux37t$CYyhrp3rYMF4w+rZKtaERH0x91UmMtGYHuHTIMUCeHg=", "last_login": null, "is_superuser": true, "username": "Employee_1", "first_name": "Peter", "last_name": "", "email": "", "is_staff": true, "is_active": true, "date_joined": "2025-03-24T13:48:43Z", "groups": [], "user_permissions": [41, 42, 43, 44, 25, 26, 27, 28]}}, {"model": "auth.user", "pk": 4, "fields": {"password": "pbkdf2_sha256$870000$LBWESXx0HuAfD0Myxe89ZS$KG5aQ/S3PlyzMVMxbrSeE72Mj3UDs+6WLwACGilBdY8=", "last_login": "2025-05-30T11:05:36Z", "is_superuser": true, "username": "1adminuser", "first_name": "", "last_name": "", "email": "", "is_staff": true, "is_active": true, "date_joined": "2025-05-27T15:58:09Z", "groups": [], "user_permissions": []}}, {"model": "auth.user", "pk": 5, "fields": {"password": "pbkdf2_sha256$870000$x9idfwWacvtzsgoBoheTDy$YYZf+QdsHnBAsbLbokQGmb9XI+laD4+6rUbI0kwjQfo=", "last_login": "2025-05-28T10:42:54Z", "is_superuser": true, "username": "4adminuser", "first_name": "", "last_name": "", "email": "", "is_staff": true, "is_active": true, "date_joined": "2025-05-28T10:42:20Z", "groups": [], "user_permissions": []}}, {"model": "auth.user", "pk": 7, "fields": {"password": "pbkdf2_sha256$870000$wEyd7Y5vFBDeCXnrA0qIvf$2G86K/0KkoP7JCZvGEoW12GC4uoWsb7hyRV41Hkk3/Y=", "last_login": "2025-05-29T17:46:40Z", "is_superuser": true, "username": "3adminuser", "first_name": "", "last_name": "", "email": "", "is_staff": true, "is_active": true, "date_joined": "2025-05-29T16:28:20Z", "groups": [], "user_permissions": []}}, {"model": "auth.user", "pk": 8, "fields": {"password": "pbkdf2_sha256$870000$sXFOWRprzW7KvvfdGSuLGf$JWHUpekTpc0jXQn9cWB+6ZT8UOmwyiTrf1baTe00dcg=", "last_login": "2025-05-30T10:41:58Z", "is_superuser": false, "username": "Pepe", "first_name": "", "last_name": "", "email": "thepizzeriacontacto@gmail.com", "is_staff": false, "is_active": true, "date_joined": "2025-05-29T17:50:03Z", "groups": [], "user_permissions": []}}, {"model": "auth.user", "pk": 9, "fields": {"password": "pbkdf2_sha256$870000$xwCKlaXmeUrFzp3B3yBzO5$7eBNL6rPzMwFRrMbFSfgUEjVkcR/R5giodq8uzPcGm4=", "last_login": "2025-06-05T08:03:40.289Z", "is_superuser": false, "username": "testcustomer", "first_name": "", "last_name": "", "email": "", "is_staff": false, "is_active": true, "date_joined": "2025-06-05T07:14:29Z", "groups": [], "user_permissions": []}}, {"model": "auth.user", "pk": 10, "fields": {"password": "pbkdf2_sha256$870000$3BDv00dpLLksvUoRC4fZhP$MfGWUKe22BNM9rsQ5V+N/GwZRzB6H/OiMYUciX5y5kc=", "last_login": "2025-06-05T08:10:51.228Z", "is_superuser": true, "username": "testadmin", "first_name": "", "last_name": "", "email": "", "is_staff": true, "is_active": true, "date_joined": "2025-06-05T07:16:46Z", "groups": [], "user_permissions": []}}, {"model": "sessions.session", "pk": "12fhyhq7yotx6k5x3umtlily9u3tgczb", "fields": {"session_data": ".eJyrVkpOLCpRsoquVirIrKpKjM9MUbJSMlTSgXLzEnNTgQK-iUXpiUWZJYlAieLMqlSEMjAvJzEpNQcoEJybmJMD0luUmQzUZmGgZ6CjVFiamFeSWVKpZGVcG1sLAD8HJLg:1u3vfn:nSu2V6bJP9dgJQd8STvzLw8f7xXqutbEZLrwCnqUsh0", "expire_date": "2025-04-27T11:38:51.430Z"}}, {"model": "sessions.session", "pk": "28c8uotneabj9r8npgq20o43u1zs8ofg", "fields": {"session_data": ".eJx1kEtvwjAQhP-Lz1HkkDgPjj2iUvXeomgdr4kh2Kkfh4L473UgBVq18smz34xnfSItBN-3waFtlSBLkpHkUePQ7VFPA7EDvTVpZ7S3iqcTks5Tl66NwOFpZn8E9OD66AYoZbGQtQRZl4LxnHGadVBVOSsbLHkmBeVFhqXESlY0nkZgUzUMaYEc6xjagfVk-XYiozoe4dqWRf161XDAKLyIsIMoOnXEeSH2fR2A4xCVZ7BbnIxWddGT5zSlCfFmHJXeussTk3ORkDn0FccRrdHqbsqi55xcwfwGroPrrTEH9zdY38AVDDDie6BUZuY3vUnIRwDtlf-8tFDaeRs6r4yO7QiZgOkzWmGV3v9T2D2WbS4b3kPZeXP-AtY8oXY:1uMo8C:aALBkCQiVCnu7cIgkwvdmezsz9wwZISZ81yaJOSMrvA", "expire_date": "2025-06-18T13:26:12.386Z"}}, {"model": "sessions.session", "pk": "8os7lljk4rii3xxhr9kn1v2fqvgwc0o3", "fields": {"session_data": ".eJxVjEEOwiAURO_C2hApUEqX7nsCY8j_8LG1BhJoV8a728YudDOZzJuZF3OwLqNbKxU3BdYzy06_GYKfKe0gPCDdM_c5LWVCvlf4QSsfcqDn5ej-HYxQx22NBq0yLVLE1kYRoxJEJEGqpkFhpBbaCuWhCw1Kq88Bte1QRwMauk22Uw9lYf319nUulCnNdQ_eH1ceQRc:1uN67r:6ZEXJTkyta3WcLeVrTEfT2CVD7cTQ4ehK6Wcpx_TlO8", "expire_date": "2025-06-19T08:39:03.270Z"}}, {"model": "sessions.session", "pk": "fym8x1sd7zghm4jl2l3axqr6ikaobrge", "fields": {"session_data": ".eJxVjMsOwiAQRf-FtSEMD1tcuu83kBkGpGogKe3K-O_apAvd3nPOfYmA21rC1tMSZhYXAUqcfkfC-Eh1J3zHemsytrouM8ldkQftcmqcntfD_Tso2Mu3PiOwIgPWjy4jZEMuDuCJnaMhgRl99IoVa-d1JKPRkkuAxuRkybMS7w8BYjgf:1uN5gZ:Eg5w2gvT4-U2SWs6xVJsHOXDNjqOsy_Ip8Rv-hei0_U", "expire_date": "2025-06-19T08:10:51.231Z"}}, {"model": "sessions.session", "pk": "n4id7frqec77f90m5ftzhtklufcrn05o", "fields": {"session_data": ".eJxVjDsOwjAQRO_iGlk28ZeSnjNYu_YuDiBHipMKcXcSKQVounlv5i0SrEtNa6c5jUVchBan3w4hP6ntoDyg3SeZp7bMI8pdkQft8jYVel0P9--gQq_bGsCxOXNg4OCKxcGi0hm8H6yL5FBzUWg0OSbPXm2JhaKPlpQhpCA-XwByOH0:1tu78o:Qq8DmqsO3LLyfHyGneyE7_sNIKieERvPP3tRMhctE_g", "expire_date": "2025-03-31T09:52:14.102Z"}}, {"model": "sessions.session", "pk": "om3wq5zs2hadfems56rqfn9vz7jmbst0", "fields": {"session_data": ".eJxVjDsOwjAQRO_iGlk28ZeSnjNYu_YuDiBHipMKcXcSKQVounlv5i0SrEtNa6c5jUVchBan3w4hP6ntoDyg3SeZp7bMI8pdkQft8jYVel0P9--gQq_bGsCxOXNg4OCKxcGi0hm8H6yL5FBzUWg0OSbPXm2JhaKPlpQhpCA-XwByOH0:1uKdv7:VP_YKq3CC-IigsV5aLdhJpsJcGCkUyYfh9UKfQ8X0_M", "expire_date": "2025-06-12T14:07:45.103Z"}}, {"model": "sessions.session", "pk": "p9tjglpp3miql2vn76t9oab64jhicgmd", "fields": {"session_data": ".eJxVjDsOwjAQRO_iGlk28ZeSnjNYu_YuDiBHipMKcXcSKQVounlv5i0SrEtNa6c5jUVchBan3w4hP6ntoDyg3SeZp7bMI8pdkQft8jYVel0P9--gQq_bGsCxOXNg4OCKxcGi0hm8H6yL5FBzUWg0OSbPXm2JhaKPlpQhpCA-XwByOH0:1twi4z:YUvD3Cgahyzq0bO6nIsYI6Mch66kgFlEZOb1VU8UgZo", "expire_date": "2025-04-07T13:43:01.300Z"}}, {"model": "sessions.session", "pk": "pvn6g2qfh9u5rnuid9fqrc9clhjbwxge", "fields": {"session_data": ".eJxVjEEOwiAQRe_C2hBocRhcuu8ZCDCDVA0kpV0Z765NutDtf-_9l_BhW4vfOi9-JnERZ3H63WJID647oHuotyZTq-syR7kr8qBdTo34eT3cv4MSevnWKgYLGozTAKQMWjNGYlCAA5NDTsY6wxpyRsXsAkTCNA7ZuoTgMIv3B8tmN6k:1uKEFK:m3beMHy6JPHkyNLuKBIaWc-ANDKWfuSGZRcAqJU8ogg", "expire_date": "2025-06-11T10:42:54.194Z"}}, {"model": "sessions.session", "pk": "sbzrtbyuukef4373dj78d3y8vjhata29", "fields": {"session_data": ".eJxVjMsOwiAQRf-FtSEIw6Mu3fcbyMBMpWpoUtqV8d-VpAvd3dxzcl4i4r6VuDde40ziIkCcfr-E-cG1A7pjvS0yL3Vb5yS7Ig_a5LgQP6-H-xco2ErPYjLAwZE7JzKTd-w18fAdyeohB6vJkc1gJh0gKDTgMHhnQZEyOrF4fwDnaDeF:1uKxYO:JsNwID74wafZ83GNADIuPVoH0bkfd1u6CRN34KC123M", "expire_date": "2025-06-13T11:05:36.373Z"}}, {"model": "sessions.session", "pk": "x1e95fmqnct9xy8tljvz4vcvtan3vl3k", "fields": {"session_data": ".eJxVjs1uwyAMx1-l8jlC0AZIcqy0456giiIDZqFpSUvIYYr67qNdD5t8sX7_D3uDAdc8DutCaQgOOhBQ_WUG7UTxKbgzxq-Z2TnmFAx7WthbXdjn7OhyfHv_FYy4jCWNqHy9941H3ygnzUEaLixqfZCqJWWEd9zUgpQn7TUv0zpqdSuJ12SoKaUWU4bu1P9ug0shTksBG7zW1_uygohXKgePc8T7iruP24VK-JaCLXgvGa-g8JhD_oZOPPrHD6-bVUY:1uMtZb:S1VlBf6p6fVIEICt2oJt8o5Ga1Vx5e-SwgwnQxVCP-Q", "expire_date": "2025-06-18T19:14:51.979Z"}}, {"model": "Pizza_App.category", "pk": 1, "fields": {"name": "Vegetarian", "description": "Pizzas for veggie people"}}, {"model": "Pizza_App.customer", "pk": 3, "fields": {"user": 1, "name": "2adminuser", "email": "2adminthepizzeriacontacto@gmail.com", "phone": "11111111", "address": "Nydalsveien 37"}}, {"model": "Pizza_App.customer", "pk": 4, "fields": {"user": 3, "name": "Employee_1", "email": "", "phone": "", "address": ""}}, {"model": "Pizza_App.customer", "pk": 6, "fields": {"user": 8, "name": "Pepe", "email": "pepecustomer@gmail.com", "phone": "11111111", "address": "Nydalsveien 37"}}, {"model": "Pizza_App.customer", "pk": 7, "fields": {"user": null, "name": "Pepe", "email": "pepe@gmail.com", "phone": "56549395", "address": "08019"}}, {"model": "Pizza_App.customer", "pk": 9, "fields": {"user": null, "name": "test", "email": "thepizzeriacontacto@gmail.com", "phone": "11111111", "address": "Nydalsveien 37"}}, {"model": "Pizza_App.drink", "pk": 1, "fields": {"name": "Coca cola", "description": "The original classic cola taste – bold, refreshing, and iconic.", "price": "25.00", "image": "drinks/Coca_cola_tdmmULH.png"}}, {"model": "Pizza_App.drink", "pk": 2, "fields": {"name": "Pepsi", "description": "Full cola flavor with zero sugar. Crisp, smooth, and satisfying.", "price": "25.00", "image": "drinks/Pepsi_max_gcdlMrs.png"}}, {"model": "Pizza_App.drink", "pk": 3, "fields": {"name": "Solo", "description": "Norwegian orange soda", "price": "25.00", "image": "drinks/Solo_sT9XelU.png"}}, {"model": "Pizza_App.drink", "pk": 4, "fields": {"name": "Sprite", "description": "Lemon-lime refreshment", "price": "25.00", "image": "drinks/Sprite_AwKxhhI.png"}}, {"model": "Pizza_App.drink", "pk": 5, "fields": {"name": "Bonaqua Eple", "description": "Apple flavored sparkling water", "price": "25.00", "image": "drinks/Bonaqua_eple_lTP3lAJ.png"}}, {"model": "Pizza_App.drink", "pk": 6, "fields": {"name": "Imsdal", "description": "Pure Norwegian bottled water", "price": "25.00", "image": "drinks/Imsdal_qfh6Qox.png"}}, {"model": "Pizza_App.pizza", "pk": 1, "fields": {"name": "Margarita", "description": "Tomato, Cheese", "price": "200.00", "image": "pizzas/margarita.jpeg"}}, {"model": "Pizza_App.pizza", "pk": 2, "fields": {"name": "Pepperoni", "description": "Tomato, Cheese, Pepperoni", "price": "200.00", "image": "pizzas/pepperoni-pizza_6ac5fa40-65b7-4e3b-a8b9-7ca5ccc05dfd.webp"}}, {"model": "Pizza_App.pizza", "pk": 3, "fields": {"name": "4 formaggi", "description": "Mozzarella, Parmesan, Gorgonzola, Pecorino", "price": "200.00", "image": "pizzas/Four_Cheese_Pizza_Feng_Chen_-_Large1_eda0a300-c942-4c27-ae8e-a4437c8bba55.jpg"}}, {"model": "Pizza_App.pizza", "pk": 4, "fields": {"name": "Capricciosa", "description": "Tomatsaus, Mozzarella, Skinke, Sopp, Artisjokker, Oregano", "price": "200.00", "image": "pizzas/capricciosa-pizza-1.jpg"}}, {"model": "Pizza_App.pizza", "pk": 5, "fields": {"name": "Nduja", "description": "Spicy nduja, Tomato sauce, Mozzarella, Chili oil", "price": "200.00", "image": "pizzas/nduja.jpg"}}, {"model": "Pizza_App.pizza", "pk": 6, "fields": {"name": "Bianca", "description": "Ricotta, Mozarella, Bacon, Fresh herbs, Ruccola", "price": "200.00", "image": "pizzas/bianco.jpg"}}, {"model": "Pizza_App.pizzasize", "pk": 1, "fields": {"pizza": 1, "size": "S", "price": "50.00"}}, {"model": "Pizza_App.pizzasize", "pk": 2, "fields": {"pizza": 1, "size": "M", "price": "150.00"}}, {"model": "Pizza_App.pizzasize", "pk": 3, "fields": {"pizza": 1, "size": "L", "price": "250.00"}}, {"model": "Pizza_App.pizzasize", "pk": 4, "fields": {"pizza": 2, "size": "S", "price": "80.00"}}, {"model": "Pizza_App.pizzasize", "pk": 5, "fields": {"pizza": 2, "size": "M", "price": "180.00"}}, {"model": "Pizza_App.pizzasize", "pk": 6, "fields": {"pizza": 2, "size": "L", "price": "280.00"}}, {"model": "Pizza_App.pizzasize", "pk": 7, "fields": {"pizza": 3, "size": "S", "price": "80.00"}}, {"model": "Pizza_App.pizzasize", "pk": 8, "fields": {"pizza": 3, "size": "M", "price": "180.00"}}, {"model": "Pizza_App.pizzasize", "pk": 9, "fields": {"pizza": 3, "size": "L", "price": "280.00"}}, {"model": "Pizza_App.pizzasize", "pk": 10, "fields": {"pizza": 4, "size": "S", "price": "80.00"}}, {"model": "Pizza_App.pizzasize", "pk": 11, "fields": {"pizza": 4, "size": "M", "price": "180.00"}}, {"model": "Pizza_App.pizzasize", "pk": 12, "fields": {"pizza": 4, "size": "L", "price": "280.00"}}, {"model": "Pizza_App.pizzasize", "pk": 13, "fields": {"pizza": 5, "size": "S", "price": "100.00"}}, {"model": "Pizza_App.pizzasize", "pk": 14, "fields": {"pizza": 5, "size": "M", "price": "200.00"}}, {"model": "Pizza_App.pizzasize", "pk": 15, "fields": {"pizza": 5, "size": "L", "price": "300.00"}}, {"model": "Pizza_App.pizzasize", "pk": 16, "fields": {"pizza": 6, "size": "S", "price": "100.00"}}, {"model": "Pizza_App.pizzasize", "pk": 17, "fields": {"pizza": 6, "size": "M", "price": "200.00"}}, {"model": "Pizza_App.pizzasize", "pk": 18, "fields": {"pizza": 6, "size": "L", "price": "300.00"}}, {"model": "Pizza_App.topping", "pk": 1, "fields": {"name": "Extra cheese", "price": "10.00"}}, {"model": "Pizza_App.topping", "pk": 2, "fields": {"name": "Pepperoni", "price": "10.00"}}, {"model": "Pizza_App.topping", "pk": 3, "fields": {"name": "Mushrooms", "price": "10.00"}}, {"model": "Pizza_App.topping", "pk": 4, "fields": {"name": "Ham", "price": "10.00"}}, {"model": "Pizza_App.topping", "pk": 5, "fields": {"name": "Black olives", "price": "10.00"}}, {"model": "Pizza_App.topping", "pk": 6, "fields": {"name": "Caramelized red onions", "price": "10.00"}}, {"model": "Pizza_App.topping", "pk": 7, "fields": {"name": "Pineapple", "price": "10.00"}}, {"model": "Pizza_App.topping", "pk": 8, "fields": {"name": "Jalapeños", "price": "10.00"}}, {"model": "Pizza_App.topping", "pk": 9, "fields": {"name": "Fresh basil", "price": "10.00"}}, {"model": "Pizza_App.order", "pk": 43, "fields": {"customer": 7, "total": "100.00", "created_at": "2025-05-29T22:35:23.620Z", "status": "PENDING"}}, {"model": "Pizza_App.order", "pk": 47, "fields": {"customer": 7, "total": "110.00", "created_at": "2025-05-29T22:56:58.377Z", "status": "PENDING"}}, {"model": "Pizza_App.order", "pk": 48, "fields": {"customer": 6, "total": "100.00", "created_at": "2025-05-29T22:57:22.801Z", "status": "PENDING"}}, {"model": "Pizza_App.order", "pk": 51, "fields": {"customer": 6, "total": "100.00", "created_at": "2025-05-29T23:11:35.607Z", "status": "IN_PROGRESS"}}, {"model": "Pizza_App.order", "pk": 52, "fields": {"customer": 6, "total": "100.00", "created_at": "2025-05-29T23:11:53.050Z", "status": "ON_THE_WAY"}}, {"model": "Pizza_App.order", "pk": 67, "fields": {"customer": 6, "total": "100.00", "created_at": "2025-05-30T11:05:14.507Z", "status": "PENDING"}}, {"model": "Pizza_App.order", "pk": 103, "fields": {"customer": 9, "total": "50.00", "created_at": "2025-06-05T08:04:29.251Z", "status": "PENDING"}}, {"model": "Pizza_App.order", "pk": 104, "fields": {"customer": 9, "total": "110.00", "created_at": "2025-06-05T08:39:00.944Z", "status": "PENDING"}}, {"model": "Pizza_App.orderpizza", "pk": 50, "fields": {"order": 43, "pizza": 1, "quantity": 1, "size": 1, "price_at_time": "100.00", "special_instructions": ""}}, {"model": "Pizza_App.orderpizza", "pk": 54, "fields": {"order": 47, "pizza": 1, "quantity": 1, "size": 1, "price_at_time": "110.00", "special_instructions": ""}}, {"model": "Pizza_App.orderpizza", "pk": 55, "fields": {"order": 48, "pizza": 1, "quantity": 1, "size": 1, "price_at_time": "100.00", "special_instructions": ""}}, {"model": "Pizza_App.orderpizza", "pk": 59, "fields": {"order": 51, "pizza": 1, "quantity": 1, "size": 1, "price_at_time": "100.00", "special_instructions": ""}}, {"model": "Pizza_App.orderpizza", "pk": 60, "fields": {"order": 52, "pizza": 1, "quantity": 1, "size": 1, "price_at_time": "100.00", "special_instructions": ""}}, {"model": "Pizza_App.orderpizza", "pk": 66, "fields": {"order": 67, "pizza": 1, "quantity": 1, "size": 1, "price_at_time": "100.00", "special_instructions": ""}}, {"model": "Pizza_App.orderpizza", "pk": 108, "fields": {"order": 103, "pizza": 1, "quantity": 1, "size": 1, "price_at_time": "50.00", "special_instructions": ""}}, {"model": "Pizza_App.orderpizza", "pk": 109, "fields": {"order": 104, "pizza": 2, "quantity": 1, "size": 4, "price_at_time": "110.00", "special_instructions": ""}}, {"model": "Pizza_App.orderpizzatopping", "pk": 27, "fields": {"order_pizza": 50, "topping": 1}}, {"model": "Pizza_App.orderpizzatopping", "pk": 28, "fields": {"order_pizza": 50, "topping": 5}}, {"model": "Pizza_App.orderpizzatopping", "pk": 35, "fields": {"order_pizza": 54, "topping": 1}}, {"model": "Pizza_App.orderpizzatopping", "pk": 36, "fields": {"order_pizza": 54, "topping": 5}}, {"model": "Pizza_App.orderpizzatopping", "pk": 37, "fields": {"order_pizza": 54, "topping": 8}}, {"model": "Pizza_App.orderpizzatopping", "pk": 38, "fields": {"order_pizza": 55, "topping": 1}}, {"model": "Pizza_App.orderpizzatopping", "pk": 39, "fields": {"order_pizza": 55, "topping": 5}}, {"model": "Pizza_App.orderpizzatopping", "pk": 43, "fields": {"order_pizza": 59, "topping": 1}}, {"model": "Pizza_App.orderpizzatopping", "pk": 44, "fields": {"order_pizza": 59, "topping": 5}}, {"model": "Pizza_App.orderpizzatopping", "pk": 45, "fields": {"order_pizza": 60, "topping": 1}}, {"model": "Pizza_App.orderpizzatopping", "pk": 46, "fields": {"order_pizza": 60, "topping": 5}}, {"model": "Pizza_App.orderpizzatopping", "pk": 49, "fields": {"order_pizza": 66, "topping": 1}}, {"model": "Pizza_App.orderpizzatopping", "pk": 50, "fields": {"order_pizza": 66, "topping": 5}}, {"model": "Pizza_App.orderpizzatopping", "pk": 90, "fields": {"order_pizza": 109, "topping": 1}}, {"model": "Pizza_App.orderpizzatopping", "pk": 91, "fields": {"order_pizza": 109, "topping": 2}}, {"model": "Pizza_App.orderpizzatopping", "pk": 92, "fields": {"order_pizza": 109, "topping": 8}}]